{
  "timestamp": "2026-01-03_23-28-40",
  "model_type": "base",
  "device": "cuda",
  "train_metrics": {
    "accuracy": 0.999983225135457,
    "precision": 1.0,
    "recall": 0.9999664508336967,
    "f1": 0.999983225135457,
    "auc": 1.0,
    "loss": 8.672802114313663e-05
  },
  "val_metrics": {
    "accuracy": 0.9739568482083452,
    "precision": 0.9890153001176932,
    "recall": 0.9585551330798479,
    "f1": 0.9735470167986098,
    "auc": 0.9865161389173364
  }
}